title,author,isbn,genre,publication_year,date_acquired,read_status,rating,format,pages
As aventuras de Tintim 4 - a ilha negra,Hergé,9781043321819,Biography,1954,2015-02-07,reading,,physical,323
A Biblioteca da Meia-Noite,Matt Haig,,Mystery,1969,2018-06-04,unread,,physical,472
A Cabana,William P. Young,9789407816184,Poetry,2029,2024-04-23,unread,2,physical,416
A Casa do Penhasco,Agatha Christie,9781316475255,Science Fiction,1984,2026-11-21,unread,,physical,370
A Conspiração Franciscana,John Sack,9782764835030,Graphic Novel,1990,2021-05-03,read,9,audiobook,0
A Cor Púrpura,Alice Walker,9783767242388,Mystery,2024,2021-10-13,read,5,audiobook,261
A Empregada,Freida McFadden,9787101226916,Biography,2009,2023-05-18,read,5,physical,237
A Guerra dos Tronos,George R. R. Martin,9784514627048,Graphic Novel,1972,2023-02-28,read,5,ebook,639
As Últimas Testemunhas,Svetlana Aleksiévitch,,Fiction,1964,2020-05-08,unread,,kindle,200
A Guerra não tem rosto de mulher,Svetlana Aleksiévitch,9781718227824,History,2004,2018-09-25,read,4,physical,439
A liberdade é uma luta constante,Angela Davis,9785787133150,Thriller,2020,2018-10-08,unread,,ebook,180
A Marca Humana,Philip Roth,9783105183473,History,1966,2026-10-19,read,2,ebook,536
A Menina que Roubava Livros,Markus Zusak,,Biography,1993,2016-04-07,reading,,physical,552
A Mulher de Pés Descalços,Scholastique Mukasonga,97812345678AB,Poetry,1951,2016-04-06,read,1,physical,530
A Paciente Silenciosa,Alex Michaelides,9782606474687,Fantasy,1974,2019-04-02,read,1,physical,441
A Praça do Diamante,Mercè Rodoreda,9780978820812,Non-fiction,1958,2025-04-13,unread,,ebook,372
A Promessa,Friedrich Dürrenmatt,9789909169985,Mystery,1976,2025-12-11,reading,,physical,427
A Revolução dos Bichos,George Orwell,,Science Fiction,2014,2019-03-12,read,3,ebook,498
A Última Casa da Rua Needless,Catriona Ward,9782784980841,Fantasy,1983,2016-02-24,read,3,physical,335
A Velocidade da Luz,Javier Cercas,,Fiction,1992,2017-11-09,reading,,physical,557
A Viagem de Theo,Catherine Clément,9788011280598,Fantasy,2005,2017-01-10,read,3,audiobook,160
Amanhecer,Stephenie Meyer,9783315869232,Graphic Novel,1972,2021-01-06,read,2,physical,541
Amêndoas,Won-pyung Sohn,9784216073375,Mystery,1979,2018-01-22,reading,,physical,191
Amor(es) Verdadeiro(s),Taylor Jenkins Reid,9784586850142,Thriller,1983,2015-02-20,read,4,kindle,441
Angola Janga,Marcelo D'Salete,9789816934060,History,2018,2025-12-24,read,1,physical,561
Anjos e Demônios,Dan Brown,9785951484656,Young Adult,1987,2023-03-07,read,5,audiobook,298
Arsène Lupin contra Sherlock Holmes,Maurice Leblanc,9789468044369,Thriller,1991,2022-08-15,read,1,physical,293
As Alegrias da Maternidade,Buchi Emecheta,9784895134332,Fiction,1955,2018-08-20,read,5,physical,544
As Aventuras de Sherlock Holmes,Arthur Conan Doyle,9783676320163,Fantasy,2016,2022-01-18,reading,,ebook,587
Assassinato na Casa do Pastor,Agatha Christie,97812345678AB,Poetry,2020,2022-03-24,read,3,physical,373
Assassinato no Campo de Golfe,Agatha Christie,9788734714345,Romance,2019,2016-03-05,reading,,physical,339
Assassinato no Expresso Oriente,Agatha Christie,9781665876036,Biography,2024,2026-01-28,read,1,physical,608
Astrid Parker Nunca Falha,Ashley Herring Blake,12345,Mystery,2005,2022-01-13,read,2,physical,534
Aura,Carlos Fuentes,9787298069901,Classic,2004,2017-08-06,unread,,physical,336
Aya de Yopougon,Marguerite Abouet e Clément Oubrerie (Autor),9787556464170,Young Adult,2019,2015-06-08,read,1,ebook,161
Azul é a Cor Mais Quente,Julie Maroh,,Science Fiction,2009,2026-05-25,read,2,physical,237
Bem-vindos à Livraria Hyunam-dong,Hwang Bo-reum,9784190496631,Thriller,1981,2016-12-25,read,5,physical,243
Big tech: A Ascensão dos dados e a morte da política,Evgeny Morozov,9780586518506,Poetry,2012,2016-07-12,read,4,ebook,276
Billy the Kid,Pat Garrett,9782849877694,Romance,2030,2016-05-15,reading,,physical,508
Book Love,Debbie Tung,9785075273545,Mystery,1985,2023-01-17,read,4,physical,536
Cai o Pano: O último caso de Poirot,Agatha Christie,9788377701436,Young Adult,1981,2019-11-19,read,4,physical,472
Canção para Ninar Menino Grande,Conceição Evaristo,9788557444313,Romance,1965,2026-09-25,read,3,physical,615
Carta a D.,André Gorz,9789894134352,Mystery,1951,2026-09-05,read,2,audiobook,419
Casas Estranhas,Uketsu,9787109477752,Fiction,1982,2022-02-27,unread,,physical,174
Complete tales and Poems with Selected Essays,Edgar Allan Poe,9782294131869,Thriller,1978,2023-07-15,read,3,physical,559
Contos de Mistério,Edgar Allan Poe,9789909133412,Science Fiction,1972,2023-02-06,unread,,physical,601
Crepúsculo dos ídolos,Friedrich Nietzsche,9784034471349,Classic,1975,2021-02-18,reading,,physical,392
Crepúsculo,Stephenie Meyer,9782102499471,Self-help,1988,2026-07-09,read,5,physical,202
Die Skorpion-Frau,Roland Dittrich,9780659401399,Fiction,1984,2024-01-25,read,3,physical,572
Discurso sobre o colonialismo,Aimé Césaire,9782967175655,Classic,1963,2017-06-14,read,5,physical,530
Duas Vidas,Fabien Toulmé,9780715451680,Classic,2019,2022-07-02,reading,,physical,630
É a Ales,Jon Fosse,12345,Fiction,1980,2026-03-10,read,2,physical,215
É Isto um Homem?,Primo Levi,9781712748467,Self-help,1981,2022-09-05,read,2,audiobook,640
E Não Sobrou Nenhum,Agatha Christie,9781465840449,Thriller,2012,2017-08-18,read,4,physical,506
Echo Park,Michael Connelly,9785339636057,Young Adult,1998,2021-11-26,read,1,audiobook,627
Eclipse,Stephenie Meyer,9782895171870,Young Adult,2027,2021-11-05,unread,,ebook,391
Encontro com a Morte,Agatha Christie,9785961586578,Fiction,1958,2018-11-22,read,4,audiobook,212
Espinosa Sem Saída,Luiz Alfredo Garcia-Roza,9781172400504,Romance,1997,2021-03-08,Read,2,physical,304
Eu Sei Por Que o Pássaro Canta na Gaiola,Maya Angelou,9782196937923,Self-help,1982,2022-05-22,unread,,ebook,414
Felicidade e Outros Contos,Katherine Mansfield,,Poetry,1988,2018-07-28,read,5,physical,487
Garota Exemplar,Gillian Flynn,9784406409097,Poetry,1986,2018-10-26,read,2,physical,376
Gomorra,Roberto Saviano,9789261796405,Romance,2003,2017-04-05,read,5,ebook,494
Heartstopper,Alice Oseman,9788424745171,Fantasy,1978,2025-12-22,,1,audiobook,494
Hibisco Roxo,Chimamanda Ngozi Adichie,9786048175496,Poetry,1997,2016-11-08,read,5,physical,455
História universal da infâmia,Jorge Luis Borges,9783174612004,Self-help,1964,18/04/2016,unread,,physical,549
HQ Sapiens,Yuval Noah Harari,9789261796405,Science Fiction,2006,2022-04-28,read,5,audiobook,496
Ideias para a luta,Marta Harnecker,9785064317139,Fiction,1956,2020-04-05,read,,physical,332
Inferno,Dan Brown,9783352904228,Mystery,1972,2016-11-28,unread,,physical,363
Invasores del Norte,Isabel Cañas,9789502402681,Young Adult,1958,not a date,read,5,physical,582
Jornada Sob o véu,Shirley Palmer,9783908470076,Biography,1963,2022-12-15,unread,,physical,271
Labirinto,Kate Mosse,9781249985698,Mystery,2008,2023-10-14,read,7,ebook,340
Lugar de fala,Djamila Ribeiro,9786736576615,Biography,1990,2025-05-12,read,1,physical,605
Luzia,Zé Wellington,9781116152809,History,2021,2020-11-04,read,1,ebook,553
Made in Korea,Jeremy Holt e George Schall,9784945198327,Science Fiction,1963,2020-09-12,unread,,physical,351
Maus,Art Spiegelman,9786899809402,Mystery,1989,2020-06-01,reading,,physical,530
Memórias de Minhas Putas Tristes,Gabriel García Márquez,9781201836675,Fantasy,1997,2019-12-11,read,1,physical,206
Meus Dias na Livraria Morisaki,Satoshi Yagisawa,9788017046226,Self-help,2003,2019-04-25,read,3,physical,233
Mistério no Caribe,Agatha Christie,9789784036900,Science Fiction,1988,2018-03-25,read,4,physical,127
Mornas eram as noites,Dina Salústio,9786226838851,Biography,1955,2021-01-15,read,5,ebook,559
Morte na Mesopotâmia,Agatha Christie,9786641605297,Poetry,1996,2016-07-28,unread,1,physical,530
Morte no Nilo,Agatha Christie,9788164535218,Classic,1964,2023-09-07,read,2,physical,271
Mulheres de Cinzas,Mia Couto,9781243292127,Self-help,2022,2024-08-22,read,3,physical,450
Mulheres raça e classe,Angela Davis,9782717744905,History,1959,2019-08-15,unread,,physical,413
Nada,Carmen Laforet,9781199867980,Self-help,2023,2025-04-11,read,4,physical,183
Ninguém Vira Adulto de Verdade,Sarah Andersen,9781518203778,History,1970,2020-06-10,read,3,ebook,173
No Seu Pescoço,Chimamanda Ngozi Adichie,9781518644925,Non-fiction,2024,2025-03-12,read,,physical,521
Noite Sem Fim,Agatha Christie,9789148652816,History,1996,2015-06-10,reading,,physical,617
O 4º assassino,Matt Rees,9783322141888,Fiction,1993,2024-03-20,read,4,physical,289
O Adversário Secreto,Agatha Christie,9780653794738,Science Fiction,1989,2022-04-12,read,4,physical,571
O Assassinato de Roger Ackroyd,Agatha Christie,9784688623924,Fiction,2011,2020-09-04,read,3,physical,247
O Caso do Hotel Bertram,Agatha Christie,9781247826137,Romance,1953,not a date,read,3,physical,203
O Código Da Vinci,Dan Brown,9783051522047,Young Adult,1967,2026-08-15,read,3,audiobook,139
O Coração é um Caçador Solitário,Carson McCullers,9783289861434,Non-fiction,1956,2018-07-21,read,4,physical,233
O Deserto dos Tártaros,Dino Buzzati,9789808932460,Thriller,1995,2018-10-14,reading,,physical,489
O Diário de Anne Frank,Anne Frank,9781888880670,Classic,1999,2020-05-24,unread,,ebook,473
O Diário de Myriam,Myriam Rawick,9783195205852,Poetry,2009,2026-08-21,reading,,physical,588
O Estrangeiro,Albert Camus,9780430305486,Poetry,2019,2022-05-02,read,1,physical,485
O Guia do Mochileiro das Galáxias,Douglas Adams,9785415667652,Self-help,2013,2020-09-09,read,,ebook,200
O Homem do Terno Marrom,Agatha Christie,9789284511544,Self-help,2004,2017-12-15,read,5,physical,481
O Misterioso Caso de Styles,Agatha Christie,9786401658202,Poetry,2006,2015-03-03,reading,,physical,490
O mundo codificado,Vilém Flusser,9786909275571,Thriller,1967,2023-06-13,read,1,physical,236
O Natal de Poirot,Agatha Christie,9782786814473,Thriller,1986,2026-08-07,unread,,ebook,582
O Olho Mais Azul,Toni Morrison,9782715518844,Poetry,1970,2026-12-23,read,2,ebook,640
O Pequeno Príncipe,Antoine de Saint-Exupéry,9781323705895,Self-help,2020,2017-10-03,unread,,audiobok,610
O Poço da Solidão (The Well of Loneliness),Radclyffe Hall,9788669125177,Classic,2016,2020-03-27,read,2,physical,306
O Processo,Franz Kafka,,Young Adult,1978,2020-09-10,read,2,physical,401
O Quebra-Nozes,E. T. A. Hoffmann,9784981829922,Classic,1993,2024-01-27,read,2,physical,391
O Reverso da Medalha,Sidney Sheldon,9789690784473,Graphic Novel,2001,2019-08-03,read,4,physical,545
O Sentido de um Fim,Julian Barnes,9787359255562,Graphic Novel,1997,2023-09-04,read,4,physical,393
O Símbolo Perdido,Dan Brown,9783210469632,Poetry,1991,2024-12-11,reading,,physical,647
Oração para Desaparecer,Socorro Acioli,9787747016873,Science Fiction,2024,2020-01-02,read,3,physical,601
Os Cinco Porquinhos,Agatha Christie,9788016245650,Biography,1956,2024-09-07,read,5,physical,515
Os Elefantes não Esquecem,Agatha Christie,9787849912165,Graphic Novel,1993,2023-06-25,unread,1,physical,531
Os Relógios,Agatha Christie,9788000257872,Thriller,2015,2017-06-20,read,5,physical,426
Outros Jeitos de Usar a Boca,Rupi Kaur,9785888794705,Romance,1964,2021-10-10,read,5,ebook,147
Persépolis,Marjane Satrapi,9787499309728,Classic,1998,2017-11-08,unread,,audiobook,232
Primavera num Espelho Partido,Mario Benedetti,9783075626368,Graphic Novel,2010,2026-12-02,read,4,physical,452
Quarto de Despejo,Carolina Maria de Jesus,9788652785854,Thriller,2011,2018-04-09,finished,3,physical,424
Quem tem medo do feminismo negro,Djamila Ribeiro,12345,Classic,2019,2021-07-27,read,3,ebook,269
Ragtime,E. L. Doctorow,9780415747338,Mystery,2021,2026-05-05,unread,,ebook,365
Rastros de Resistência,Ale Santos,9783083301657,Non-fiction,1967,2015-09-06,read,4,audiobook,607
Relentless,Dean Koontz,9783454019380,Fantasy,2003,2017-01-27,read,1,physical,416
Seguindo a Correnteza,Agatha Christie,9780499154788,Self-help,1967,2023-08-09,reading,,physical,286
Sociedade do Cansaço,Byung-Chul Han,9787420549329,Poetry,2001,2021-09-11,unread,,physical,0
Sonho de uma Noite de Verão,William Shakespeare,9782753046374,Romance,1988,2024-12-19,unread,,physical,-12
Tempo de Migrar para o Norte,Tayeb Salih,9780174268414,Romance,1978,2018-03-16,reading,,ebook,502
The hundred wells of salaga,Ayesha Harruna Attah,9786878339187,History,1996,2016-10-04,unread,,physical,637
The tea dragon,Katie O'Neal,9783982258713,Young Adult,2024,2022-02-17,read,5,physical,255
The Underground Railroad,Colson Whitehead,9786790874064,Poetry,1950,2026-04-19,unread,,physical,185
Todo mundo tem uma primeira vez,"Alê Santos, Bárbara Morais, Jim Anotsu, Olívia Pilar, Vitor Martins e Fernanda Nia",9788017046226,Romance,1998,2022-07-13,unread,,audiobook,256
Tragédia em Três Atos,Agatha Christie,9785128682300,Mystery,2009,2025-12-18,read,2,physical,355
Três Ratos Cegos e Outros Contos,Agatha Christie,9787524310690,Science Fiction,1976,2016-02-20,unread,,physical,169
Treze à Mesa,Agatha Christie,9783067383028,Mystery,1979,2026-10-11,read,,ebook,448
Trilogia Millennium,Stieg Larsson,9784283644089,Young Adult,1972,2025-11-14,read,4,physical,472
Um Brinde de Cianureto,Agatha Christie,9788566246287,Science Fiction,1978,not a date,read,4,audiobook,542
Um Corpo na Biblioteca,Agatha Christie,9788826343517,Poetry,1997,2016-09-24,read,8,physical,506
Uma breve história do feminismo no contexto euro-americano,Patu e Antje Schrupp,97812345678AB,Mystery,1951,2018-04-24,unread,,audiobook,610
Uma Família Feliz,Raphael Montes,9783936385467,History,1995,2019-05-12,read,4,physical,220
Voragem,Junichiro Tanizaki,9785355609320,Mystery,2020,2024-10-24,read,2,physical,457
Budapeste,Chico Buarque,9786937854777,Fantasy,1995,2017-03-24,read,5,physical,180
